source_id,time,filter,mag
S251023dx,0.0,g,22.34512041871578
S251023dx,0.0,i,22.227204962910207
S251023dx,0.0,r,22.129783999647042
S251023dx,0.0,u,22.36070941504503
S251023dx,0.0,y,23.288144737067356
S251023dx,0.0,z,22.624708543170605
S251023dx,0.1,g,22.34512041871578
S251023dx,0.1,i,22.227204962910207
S251023dx,0.1,r,22.129783999647042
S251023dx,0.1,u,22.36070941504503
S251023dx,0.1,y,23.288144737067356
S251023dx,0.1,z,22.624708543170605
S251023dx,0.2,g,21.63392595982276
S251023dx,0.2,i,22.442419599869936
S251023dx,0.2,r,21.896953656333963
S251023dx,0.2,u,22.22160898244187
S251023dx,0.2,y,23.26533673779055
S251023dx,0.2,z,22.508921527753174
S251023dx,0.30000000000000004,g,20.340519441227116
S251023dx,0.30000000000000004,i,20.774451326066483
S251023dx,0.30000000000000004,r,20.425980531175966
S251023dx,0.30000000000000004,u,20.921749474818693
S251023dx,0.30000000000000004,y,21.34721298462207
S251023dx,0.30000000000000004,z,20.97203866054874
S251023dx,0.4,g,19.34110699236052
S251023dx,0.4,i,19.397285133669385
S251023dx,0.4,r,19.29805507656873
S251023dx,0.4,u,19.74522747504288
S251023dx,0.4,y,19.604989456590204
S251023dx,0.4,z,19.517674559096896
S251023dx,0.5,g,18.889421753787165
S251023dx,0.5,i,18.837126304149624
S251023dx,0.5,r,18.786378754611203
S251023dx,0.5,u,19.44926896572743
S251023dx,0.5,y,18.985659130272083
S251023dx,0.5,z,18.89678325615348
S251023dx,0.6000000000000001,g,18.556510777335976
S251023dx,0.6000000000000001,i,18.396075878213814
S251023dx,0.6000000000000001,r,18.35641929271558
S251023dx,0.6000000000000001,u,19.23030651816805
S251023dx,0.6000000000000001,y,18.56803656809119
S251023dx,0.6000000000000001,z,18.461900200086824
S251023dx,0.7000000000000001,g,18.40375844593415
S251023dx,0.7000000000000001,i,18.167910823935774
S251023dx,0.7000000000000001,r,18.145091637135504
S251023dx,0.7000000000000001,u,19.098461993681923
S251023dx,0.7000000000000001,y,18.300541909477147
S251023dx,0.7000000000000001,z,18.226562348062345
S251023dx,0.8,g,18.222778634761298
S251023dx,0.8,i,17.868576314191735
S251023dx,0.8,r,17.930616680122537
S251023dx,0.8,u,19.075402122987015
S251023dx,0.8,y,18.038803104933752
S251023dx,0.8,z,17.934896016066702
S251023dx,0.9,g,18.171593766494215
S251023dx,0.9,i,17.717511921559343
S251023dx,0.9,r,17.82950674883227
S251023dx,0.9,u,19.137082480244768
S251023dx,0.9,y,17.882117381346458
S251023dx,0.9,z,17.764909333662608
S251023dx,1.0,g,18.183106595784476
S251023dx,1.0,i,17.611358901310933
S251023dx,1.0,r,17.761434677275837
S251023dx,1.0,u,19.26819971026184
S251023dx,1.0,y,17.712096631470313
S251023dx,1.0,z,17.613977400821753
S251023dx,1.1,g,18.225936395954434
S251023dx,1.1,i,17.528605750542333
S251023dx,1.1,r,17.72136344969871
S251023dx,1.1,u,19.459871243244873
S251023dx,1.1,y,17.551750021866003
S251023dx,1.1,z,17.488748714827125
S251023dx,1.2000000000000002,g,18.30466357893311
S251023dx,1.2000000000000002,i,17.520131190153794
S251023dx,1.2000000000000002,r,17.74667569931587
S251023dx,1.2000000000000002,u,19.64097516454958
S251023dx,1.2000000000000002,y,17.476619707493107
S251023dx,1.2000000000000002,z,17.446690097246783
S251023dx,1.3,g,18.429130215696492
S251023dx,1.3,i,17.571764498120956
S251023dx,1.3,r,17.836348263393354
S251023dx,1.3,u,19.865677647120886
S251023dx,1.3,y,17.4676516298759
S251023dx,1.3,z,17.460887610929138
S251023dx,1.4000000000000001,g,18.58027283676552
S251023dx,1.4000000000000001,i,17.635423089033313
S251023dx,1.4000000000000001,r,17.947466551581496
S251023dx,1.4000000000000001,u,20.126845647898513
S251023dx,1.4000000000000001,y,17.472909512815477
S251023dx,1.4000000000000001,z,17.48501304462849
S251023dx,1.5,g,18.745485623428696
S251023dx,1.5,i,17.714474477243915
S251023dx,1.5,r,18.068627541877884
S251023dx,1.5,u,20.339045660449425
S251023dx,1.5,y,17.486968277863078
S251023dx,1.5,z,17.520302677319048
S251023dx,1.6,g,18.90070239714488
S251023dx,1.6,i,17.795963670460612
S251023dx,1.6,r,18.176154291171386
S251023dx,1.6,u,20.5138155400809
S251023dx,1.6,y,17.51746831198823
S251023dx,1.6,z,17.56320496774991
S251023dx,1.7000000000000002,g,19.03434959443494
S251023dx,1.7000000000000002,i,17.861597602011805
S251023dx,1.7000000000000002,r,18.256594118879832
S251023dx,1.7000000000000002,u,20.686684145471812
S251023dx,1.7000000000000002,y,17.55673344397071
S251023dx,1.7000000000000002,z,17.603225506901552
S251023dx,1.8,g,19.157109107239613
S251023dx,1.8,i,17.920728141885615
S251023dx,1.8,r,18.328835641545755
S251023dx,1.8,u,20.851524467369966
S251023dx,1.8,y,17.59546639838826
S251023dx,1.8,z,17.64324947711965
S251023dx,1.9000000000000001,g,19.282969478840513
S251023dx,1.9000000000000001,i,17.988574709661027
S251023dx,1.9000000000000001,r,18.414142854956832
S251023dx,1.9000000000000001,u,21.00807832335537
S251023dx,1.9000000000000001,y,17.632669591317853
S251023dx,1.9000000000000001,z,17.690691457731994
S251023dx,2.0,g,19.431652942855592
S251023dx,2.0,i,18.08152750657811
S251023dx,2.0,r,18.533762621627986
S251023dx,2.0,u,21.177931249215668
S251023dx,2.0,y,17.679433935350257
S251023dx,2.0,z,17.7565149297471
S251023dx,2.1,g,19.605259006452723
S251023dx,2.1,i,18.204135818149293
S251023dx,2.1,r,18.689256710179276
S251023dx,2.1,u,21.372909597671782
S251023dx,2.1,y,17.7484093237478
S251023dx,2.1,z,17.846594117619645
S251023dx,2.2,g,19.784988465782682
S251023dx,2.2,i,18.34096874848449
S251023dx,2.2,r,18.858276945789967
S251023dx,2.2,u,21.579025746162863
S251023dx,2.2,y,17.835228978750926
S251023dx,2.2,z,17.95123965774281
S251023dx,2.3000000000000003,g,19.957537108985388
S251023dx,2.3000000000000003,i,18.470267307538077
S251023dx,2.3000000000000003,r,19.020167377177415
S251023dx,2.3000000000000003,u,21.77242923559698
S251023dx,2.3000000000000003,y,17.918477203435195
S251023dx,2.3000000000000003,z,18.050528872265776
S251023dx,2.4000000000000004,g,20.120014675991786
S251023dx,2.4000000000000004,i,18.580889988496093
S251023dx,2.4000000000000004,r,19.165945356224842
S251023dx,2.4000000000000004,u,21.94165878993204
S251023dx,2.4000000000000004,y,17.985452756132176
S251023dx,2.4000000000000004,z,18.133670706522857
S251023dx,2.5,g,20.277372355845372
S251023dx,2.5,i,18.678635684147697
S251023dx,2.5,r,19.299886488039988
S251023dx,2.5,u,22.096587870624344
S251023dx,2.5,y,18.04267093532985
S251023dx,2.5,z,18.20717864988143
S251023dx,2.6,g,20.437291061322775
S251023dx,2.6,i,18.775635624636944
S251023dx,2.6,r,19.432683220481323
S251023dx,2.6,u,22.253779118756572
S251023dx,2.6,y,18.102102222244028
S251023dx,2.6,z,18.28298768656322
S251023dx,2.7,g,20.60002760044435
S251023dx,2.7,i,18.876593201948335
S251023dx,2.7,r,19.567738504165753
S251023dx,2.7,u,22.417109066758172
S251023dx,2.7,y,18.168779262854763
S251023dx,2.7,z,18.365618023235758
S251023dx,2.8000000000000003,g,20.75627237326794
S251023dx,2.8000000000000003,i,18.976102150546293
S251023dx,2.8000000000000003,r,19.697751766395022
S251023dx,2.8000000000000003,u,22.57518827311978
S251023dx,2.8000000000000003,y,18.238656350085183
S251023dx,2.8000000000000003,z,18.449899582322313
S251023dx,2.9000000000000004,g,20.89541245226669
S251023dx,2.9000000000000004,i,19.066284693865875
S251023dx,2.9000000000000004,r,19.813234100092703
S251023dx,2.9000000000000004,u,22.714430369226765
S251023dx,2.9000000000000004,y,18.304614600321457
S251023dx,2.9000000000000004,z,18.528031101431207
S251023dx,3.0,g,21.013734784726807
S251023dx,3.0,i,19.14415031081309
S251023dx,3.0,r,19.91090183799055
S251023dx,3.0,u,22.830708792206593
S251023dx,3.0,y,18.36289081168148
S251023dx,3.0,z,18.596615334057116
S251023dx,3.1,g,21.114877375452895
S251023dx,3.1,i,19.212121156717426
S251023dx,3.1,r,19.994120802626934
S251023dx,3.1,u,22.929463934169142
S251023dx,3.1,y,18.414214072831932
S251023dx,3.1,z,18.657270296121457
S251023dx,3.2,g,21.20633779070536
S251023dx,3.2,i,19.275271113387653
S251023dx,3.2,r,20.0694769432131
S251023dx,3.2,u,23.020628915514788
S251023dx,3.2,y,18.46198042843146
S251023dx,3.2,z,18.714092475010865
S251023dx,3.3000000000000003,g,21.296117998974978
S251023dx,3.3000000000000003,i,19.338841731776018
S251023dx,3.3000000000000003,r,20.143701805854846
S251023dx,3.3000000000000003,u,23.114067263384804
S251023dx,3.3000000000000003,y,18.510277122668736
S251023dx,3.3000000000000003,z,18.771446016572906
S251023dx,3.4000000000000004,g,21.39009733174604
S251023dx,3.4000000000000004,i,19.406453854629035
S251023dx,3.4000000000000004,r,20.221492629337362
S251023dx,3.4000000000000004,u,23.21621980004144
S251023dx,3.4000000000000004,y,18.562246595085384
S251023dx,3.4000000000000004,z,18.83240974029671
S251023dx,3.5,g,21.490235720275713
S251023dx,3.5,i,19.478974403899404
S251023dx,3.5,r,20.30422327368548
S251023dx,3.5,u,23.32808514211152
S251023dx,3.5,y,18.618880267508814
S251023dx,3.5,z,18.897744455114136
S251023dx,3.6,g,21.593934553085695
S251023dx,3.6,i,19.554235274389722
S251023dx,3.6,r,20.389699003006236
S251023dx,3.6,u,23.444892095074835
S251023dx,3.6,y,18.678499549597888
S251023dx,3.6,z,18.96556023648712
S251023dx,3.7,g,21.695472360318966
S251023dx,3.7,i,19.628131613266696
S251023dx,3.7,r,20.473476191572363
S251023dx,3.7,u,23.558398377104854
S251023dx,3.7,y,18.737521413117303
S251023dx,3.7,z,19.03221145667323
S251023dx,3.8000000000000003,g,21.789480210259992
S251023dx,3.8000000000000003,i,19.69697678538513
S251023dx,3.8000000000000003,r,20.55157326267482
S251023dx,3.8000000000000003,u,23.661490477631325
S251023dx,3.8000000000000003,y,18.792506530985108
S251023dx,3.8000000000000003,z,19.09435996423707
S251023dx,3.9000000000000004,g,21.874069877785477
S251023dx,3.9000000000000004,i,19.759523409032823
S251023dx,3.9000000000000004,r,20.62277708405931
S251023dx,3.9000000000000004,u,23.752052550794364
S251023dx,3.9000000000000004,y,18.8420620430596
S251023dx,3.9000000000000004,z,19.150799250251122
S251023dx,4.0,g,21.95138580511731
S251023dx,4.0,i,19.817236865311067
S251023dx,4.0,r,20.688961925664657
S251023dx,4.0,u,23.83343390671496
S251023dx,4.0,y,18.887235817507303
S251023dx,4.0,z,19.20275572862743
S251023dx,4.1000000000000005,g,22.026139419694758
S251023dx,4.1000000000000005,i,19.873239860897776
S251023dx,4.1000000000000005,r,20.753906647792615
S251023dx,4.1000000000000005,u,23.912368014842798
S251023dx,4.1000000000000005,y,18.93068445608485
S251023dx,4.1000000000000005,z,19.252998869067607
S251023dx,4.2,g,22.103810361135015
S251023dx,4.2,i,19.931075749246194
S251023dx,4.2,r,20.821889177654143
S251023dx,4.2,u,23.996560274065345
S251023dx,4.2,y,18.975614296160984
S251023dx,4.2,z,19.30475971046464
S251023dx,4.3,g,22.18904706795678
S251023dx,4.3,i,19.993667596175435
S251023dx,4.3,r,20.89643807814798
S251023dx,4.3,u,24.092533272652407
S251023dx,4.3,y,19.024813614117885
S251023dx,4.3,z,19.36077569050739
S251023dx,4.4,g,22.283956341994482
S251023dx,4.4,i,20.062271393916305
S251023dx,4.4,r,20.978997703363266
S251023dx,4.4,u,24.20326246390352
S251023dx,4.4,y,19.07958016922969
S251023dx,4.4,z,19.422265838214457
S251023dx,4.5,g,22.38671676231156
S251023dx,4.5,i,20.135656797326227
S251023dx,4.5,r,21.06785206888476
S251023dx,4.5,u,24.32623754395763
S251023dx,4.5,y,19.13883394258808
S251023dx,4.5,z,19.488102175458547
S251023dx,4.6000000000000005,g,22.492142400579375
S251023dx,4.6000000000000005,i,20.21048769473203
S251023dx,4.6000000000000005,r,21.158591555761667
S251023dx,4.6000000000000005,u,24.45423233248595
S251023dx,4.6000000000000005,y,19.199435653140434
S251023dx,4.6000000000000005,z,19.55514291933119
S251023dx,4.7,g,22.594764826317032
S251023dx,4.7,i,20.283231300686097
S251023dx,4.7,r,21.246567196816688
S251023dx,4.7,u,24.579601997832615
S251023dx,4.7,y,19.258067460873804
S251023dx,4.7,z,19.620062035547598
S251023dx,4.800000000000001,g,22.69203417710039
S251023dx,4.800000000000001,i,20.352133590289032
S251023dx,4.800000000000001,r,21.32943945238427
S251023dx,4.800000000000001,u,24.698763186074917
S251023dx,4.800000000000001,y,19.313200439594077
S251023dx,4.800000000000001,z,19.68125744574263
S251023dx,4.9,g,22.784971352158628
S251023dx,4.9,i,20.41765084880008
S251023dx,4.9,r,21.4077256821431
S251023dx,4.9,u,24.81310252275144
S251023dx,4.9,y,19.365496539883644
S251023dx,4.9,z,19.739256132326105
S251023dx,5.0,g,22.87655811203159
S251023dx,5.0,i,20.481493325841207
S251023dx,5.0,r,21.48356805558123
S251023dx,5.0,u,24.92672428560137
S251023dx,5.0,y,19.41682618226451
S251023dx,5.0,z,19.79578073389911
S251023dx,5.1000000000000005,g,22.969650305151205
S251023dx,5.1000000000000005,i,20.54536998480621
S251023dx,5.1000000000000005,r,21.559131992936997
S251023dx,5.1000000000000005,u,25.043537976552347
S251023dx,5.1000000000000005,y,19.469000219540142
S251023dx,5.1000000000000005,z,19.85253677037265
S251023dx,5.2,g,23.06546545407773
S251023dx,5.2,i,20.61007037569038
S251023dx,5.2,r,21.63545517801644
S251023dx,5.2,u,25.165166616418006
S251023dx,5.2,y,19.52285949515471
S251023dx,5.2,z,19.910339345499217
S251023dx,5.300000000000001,g,23.16301174789737
S251023dx,5.300000000000001,i,20.675104996245636
S251023dx,5.300000000000001,r,21.712005118693106
S251023dx,5.300000000000001,u,25.29016212497792
S251023dx,5.300000000000001,y,19.57793942453729
S251023dx,5.300000000000001,z,19.96877947636888
S251023dx,5.4,g,23.259619242503696
S251023dx,5.4,i,20.738997608402787
S251023dx,5.4,r,21.787040253927557
S251023dx,5.4,u,25.414731260058883
S251023dx,5.4,y,19.632766781069108
S251023dx,5.4,z,20.0265015322154
S251023dx,5.5,g,23.35232715531798
S251023dx,5.5,i,20.800092307212033
S251023dx,5.5,r,21.858596346546282
S251023dx,5.5,u,25.53464573243221
S251023dx,5.5,y,19.685661734682572
S251023dx,5.5,z,20.081962720262915
S251023dx,5.6000000000000005,g,23.439321148146398
S251023dx,5.6000000000000005,i,20.857399427250186
S251023dx,5.6000000000000005,r,21.92551448238385
S251023dx,5.6000000000000005,u,25.647232250187567
S251023dx,5.6000000000000005,y,19.735573517214892
S251023dx,5.6000000000000005,z,20.134225369091624
S251023dx,5.7,g,23.52065658559288
S251023dx,5.7,i,20.911021177690955
S251023dx,5.7,r,21.987961319519794
S251023dx,5.7,u,25.752388621958126
S251023dx,5.7,y,19.782504910789918
S251023dx,5.7,z,20.18336165009412
S251023dx,5.800000000000001,g,23.59809736007651
S251023dx,5.800000000000001,i,20.962064819665848
S251023dx,5.800000000000001,r,22.047319638172084
S251023dx,5.800000000000001,u,25.852362995379607
S251023dx,5.800000000000001,y,19.827434700558815
S251023dx,5.800000000000001,z,20.230373546765115
S251023dx,5.9,g,23.67443926699034
S251023dx,5.9,i,21.012239830501457
S251023dx,5.9,r,22.10570416023642
S251023dx,5.9,u,25.950846429789824
S251023dx,5.9,y,19.871935832035454
S251023dx,5.9,z,20.276826280577364
S251023dx,6.0,g,23.752689675077395
S251023dx,6.0,i,21.06337495831845
S251023dx,6.0,r,22.165369193436906
S251023dx,6.0,u,26.051849684993286
S251023dx,6.0,y,19.917705828803236
S251023dx,6.0,z,20.324396795491975
S251023dx,6.1000000000000005,g,23.835235917209147
S251023dx,6.1000000000000005,i,21.116920775356256
S251023dx,6.1000000000000005,r,22.22809905447361
S251023dx,6.1000000000000005,u,26.158574981809718
S251023dx,6.1000000000000005,y,19.966086962952104
S251023dx,6.1000000000000005,z,20.374412064356818
S251023dx,6.2,g,23.9230993157955
S251023dx,6.2,i,21.173502134757385
S251023dx,6.2,r,22.29465822011715
S251023dx,6.2,u,26.272410449050156
S251023dx,6.2,y,20.01762727298162
S251023dx,6.2,z,20.427428885097463
S251023dx,6.300000000000001,g,24.01545994406053
S251023dx,6.300000000000001,i,21.232634356870843
S251023dx,6.300000000000001,r,22.364441087403087
S251023dx,6.300000000000001,u,26.3922918400289
S251023dx,6.300000000000001,y,20.07180655565017
S251023dx,6.300000000000001,z,20.482970291389712
S251023dx,6.4,g,24.10981786003591
S251023dx,6.4,i,21.29281814771376
S251023dx,6.4,r,22.43558721239744
S251023dx,6.4,u,26.514915493877602
S251023dx,6.4,y,20.12712254265613
S251023dx,6.4,z,20.539607458035093
S251023dx,6.5,g,24.202886988059934
S251023dx,6.5,i,21.352075595654597
S251023dx,6.5,r,22.505648511194252
S251023dx,6.5,u,26.635939804340932
S251023dx,6.5,y,20.181618055418422
S251023dx,6.5,z,20.595470403978275
S251023dx,6.6000000000000005,g,24.29183723131938
S251023dx,6.6000000000000005,i,21.408699581077887
S251023dx,6.6000000000000005,r,22.572513726078306
S251023dx,6.6000000000000005,u,26.75165899572693
S251023dx,6.6000000000000005,y,20.23361076888208
S251023dx,6.6000000000000005,z,20.648948454526654
S251023dx,6.7,g,24.375215847769102
S251023dx,6.7,i,21.46181155326376
S251023dx,6.7,r,22.635096343532524
S251023dx,6.7,u,26.860242806146488
S251023dx,6.7,y,20.282237534636685
S251023dx,6.7,z,20.69921533349874
S251023dx,6.800000000000001,g,24.453163314866497
S251023dx,6.800000000000001,i,21.511496301009366
S251023dx,6.800000000000001,r,22.693499618795524
S251023dx,6.800000000000001,u,26.962035010927707
S251023dx,6.800000000000001,y,20.327584142271135
S251023dx,6.800000000000001,z,20.74635649175586
S251023dx,6.9,g,24.527048670900363
S251023dx,6.9,i,21.55858647243388
S251023dx,6.9,r,22.74874242059116
S251023dx,6.9,u,27.059062667914752
S251023dx,6.9,y,20.370474860385997
S251023dx,6.9,z,20.791164381871198
S251023dx,7.0,g,24.59891174482726
S251023dx,7.0,i,21.604326680976055
S251023dx,7.0,r,22.802350944113854
S251023dx,7.0,u,27.154279776135716
S251023dx,7.0,y,20.412140872421727
S251023dx,7.0,z,20.83482273689644
S251023dx,7.1000000000000005,g,24.670942532459797
S251023dx,7.1000000000000005,i,21.65006011817454
S251023dx,7.1000000000000005,r,22.855967827642093
S251023dx,7.1000000000000005,u,27.25085126195711
S251023dx,7.1000000000000005,y,20.453910121151484
S251023dx,7.1000000000000005,z,20.878606767330183
S251023dx,7.2,g,24.74507688163895
S251023dx,7.2,i,21.696978850814
S251023dx,7.2,r,22.911050242857158
S251023dx,7.2,u,27.351562067031075
S251023dx,7.2,y,20.496960953470275
S251023dx,7.2,z,20.92364817379858
S251023dx,7.300000000000001,g,24.822686909523306
S251023dx,7.300000000000001,i,21.745935722485644
S251023dx,7.300000000000001,r,22.96864196578459
S251023dx,7.300000000000001,u,27.458352338630235
S251023dx,7.300000000000001,y,20.54213087407524
S251023dx,7.300000000000001,z,20.97074821987885
S251023dx,7.4,g,24.9043327598173
S251023dx,7.4,i,21.79728426954451
S251023dx,7.4,r,23.029182204890297
S251023dx,7.4,u,27.57191496008513
S251023dx,7.4,y,20.58975805111836
S251023dx,7.4,z,21.020227638441952
S251023dx,7.5,g,24.98964165644615
S251023dx,7.5,i,21.85080201187969
S251023dx,7.5,r,23.092415038835693
S251023dx,7.5,u,27.69147712417444
S251023dx,7.5,y,20.639597569721357
S251023dx,7.5,z,21.071844673363476
S251023dx,7.6000000000000005,g,25.077370348180455
S251023dx,7.6000000000000005,i,21.90571814701719
S251023dx,7.6000000000000005,r,23.157425201485857
S251023dx,7.6000000000000005,u,27.814882856140116
S251023dx,7.6000000000000005,y,20.69085459059968
S251023dx,7.6000000000000005,z,21.124823251937634
S251023dx,7.7,g,25.165717411385895
S251023dx,7.7,i,21.96090521455651
S251023dx,7.7,r,23.222867443577417
S251023dx,7.7,u,27.939069208704673
S251023dx,7.7,y,20.74237123275679
S251023dx,7.7,z,21.178040867666923
S251023dx,7.800000000000001,g,25.252792702751343
S251023dx,7.800000000000001,i,22.015165550129232
S251023dx,7.800000000000001,r,23.287314896946548
S251023dx,7.800000000000001,u,28.060801311116983
S251023dx,7.800000000000001,y,20.79291422694753
S251023dx,7.800000000000001,z,21.23030398364051
S251023dx,7.9,g,25.33709436163104
S251023dx,7.9,i,22.06753113886269
S251023dx,7.9,r,23.349618551566188
S251023dx,7.9,u,28.177443211532953
S251023dx,7.9,y,20.841476136624095
S251023dx,7.9,z,21.280641284379648
S251023dx,8.0,g,25.417818748297147
S251023dx,8.0,i,22.11745793230807
S251023dx,8.0,r,23.40914071234201
S251023dx,8.0,u,28.287459379810322
S251023dx,8.0,y,20.88747608407836
S251023dx,8.0,z,21.328494932399906
S251023dx,8.1,g,25.49492689012527
S251023dx,8.1,i,22.164874662540676
S251023dx,8.1,r,23.465812049656986
S251023dx,8.1,u,28.39053595494219
S251023dx,8.1,y,20.930801788003684
S251023dx,8.1,z,21.373767136021367
S251023dx,8.200000000000001,g,25.569010649364017
S251023dx,8.200000000000001,i,22.210104914809087
S251023dx,8.200000000000001,r,23.520038862606857
S251023dx,8.200000000000001,u,28.487378854478177
S251023dx,8.200000000000001,y,20.971737763635744
S251023dx,8.200000000000001,z,21.416745319986838
S251023dx,8.3,g,25.641065312863937
S251023dx,8.3,i,22.253725731198344
S251023dx,8.3,r,23.57253416092146
S251023dx,8.3,u,28.579356742033003
S251023dx,8.3,y,21.010823881219643
S251023dx,8.3,z,21.45796522908258
S251023dx,8.4,g,25.712234592212795
S251023dx,8.4,i,22.296416137322307
S251023dx,8.4,r,23.624129254906272
S251023dx,8.4,u,28.668113267586826
S251023dx,8.4,y,21.048706489424074
S251023dx,8.4,z,21.498063031656727
S251023dx,8.5,g,25.78361930837103
S251023dx,8.5,i,22.338838258728973
S251023dx,8.5,r,23.67563820728798
S251023dx,8.5,u,28.755255965678053
S251023dx,8.5,y,21.086016305878022
S251023dx,8.5,z,21.537665639730722
S251023dx,8.6,g,25.856117906431724
S251023dx,8.6,i,22.381548714459537
S251023dx,8.6,r,23.727742241795184
S251023dx,8.6,u,28.84212867013058
S251023dx,8.6,y,21.123289276806684
S251023dx,8.6,z,21.57729948042848
S251023dx,8.700000000000001,g,25.930333492269682
S251023dx,8.700000000000001,i,22.424938331498083
S251023dx,8.700000000000001,r,23.780921643064342
S251023dx,8.700000000000001,u,28.92967173014483
S251023dx,8.700000000000001,y,21.16090287905484
S251023dx,8.700000000000001,z,21.617336539216577
S251023dx,8.8,g,26.006523431228928
S251023dx,8.8,i,22.469210979230102
S251023dx,8.8,r,23.835425667767637
S251023dx,8.8,u,29.018348702725355
S251023dx,8.8,y,21.19905833583658
S251023dx,8.8,z,21.65797553523086
S251023dx,8.9,g,26.084595888598102
S251023dx,8.9,i,22.514379359504186
S251023dx,8.9,r,23.891269554405735
S251023dx,8.9,u,29.108141579051072
S251023dx,8.9,y,21.237775581875894
S251023dx,8.9,z,21.6992333978113
S251023dx,9.0,g,26.164151299555677
S251023dx,9.0,i,22.56028458942574
S251023dx,9.0,r,23.948257840673893
S251023dx,9.0,u,29.19859855706648
S251023dx,9.0,y,21.27691349643878
S251023dx,9.0,z,21.740968507294212
S251023dx,9.1,g,26.244553654093647
S251023dx,9.1,i,22.606637633799632
S251023dx,9.1,r,24.006040598600094
S251023dx,9.1,u,29.288942027965746
S251023dx,9.1,y,21.31620511508951
S251023dx,9.1,z,21.78291535818966
S251023dx,9.200000000000001,g,26.32504765239398
S251023dx,9.200000000000001,i,22.653076492541302
S251023dx,9.200000000000001,r,24.064179210846252
S251023dx,9.200000000000001,u,29.37820184080204
S251023dx,9.200000000000001,y,21.355315144699208
S251023dx,9.200000000000001,z,21.824739681355624
S251023dx,9.3,g,26.40486589327159
S251023dx,9.3,i,22.69922453404282
S251023dx,9.3,r,24.1222256312436
S251023dx,9.3,u,29.465366382503156
S251023dx,9.3,y,21.39388944007443
S251023dx,9.3,z,21.866092642618117
S251023dx,9.4,g,26.483343271454643
S251023dx,9.4,i,22.744750797118726
S251023dx,9.4,r,24.179791294232167
S251023dx,9.4,u,29.54952697932847
S251023dx,9.4,y,21.43161049239115
S251023dx,9.4,z,21.90666215174612
S251023dx,9.5,g,26.559993125915973
S251023dx,9.5,i,22.789407265367853
S251023dx,9.5,r,24.236600537314995
S251023dx,9.5,u,29.62998024264145
S251023dx,9.5,y,21.468238019372848
S251023dx,9.5,z,21.946214319220072
S251023dx,9.600000000000001,g,26.634557937392294
S251023dx,9.600000000000001,i,22.8330577440938
S251023dx,9.600000000000001,r,24.292520712622792
S251023dx,9.600000000000001,u,29.70629228770971
S251023dx,9.600000000000001,y,21.50362837810799
S251023dx,9.600000000000001,z,21.984616215169872
S251023dx,9.700000000000001,g,26.70700685844267
S251023dx,9.700000000000001,i,22.87568055903158
S251023dx,9.700000000000001,r,24.34756473978446
S251023dx,9.700000000000001,u,29.77831370000183
S251023dx,9.700000000000001,y,21.5377416819285
S251023dx,9.700000000000001,z,22.021837840626517
S251023dx,9.8,g,26.777521862813217
S251023dx,9.8,i,22.91735751988643
S251023dx,9.8,r,24.40187869303875
S251023dx,9.8,u,29.84615583425704
S251023dx,9.8,y,21.570634426553212
S251023dx,9.8,z,22.057948147253434
S251023dx,9.9,g,26.846444082129747
S251023dx,9.9,i,22.958256302899642
S251023dx,9.9,r,24.45571196303828
S251023dx,9.9,u,29.910135115035242
S251023dx,9.9,y,21.602438695605734
S251023dx,9.9,z,22.093088399065152
S251023dx,10.0,g,26.914223662327647
S251023dx,10.0,i,22.998595431627958
S251023dx,10.0,r,24.509376653396515
S251023dx,10.0,u,29.970718273507174
S251023dx,10.0,y,21.633338242825673
S251023dx,10.0,z,22.12745590220357
S251023dx,10.100000000000001,g,26.98135904318957
S251023dx,10.100000000000001,i,23.03862355246006
S251023dx,10.100000000000001,r,24.563214150998
S251023dx,10.100000000000001,u,30.02844779059305
S251023dx,10.100000000000001,y,21.66354592841447
S251023dx,10.100000000000001,z,22.161273396192087
S251023dx,10.200000000000001,g,27.04834284424558
S251023dx,10.200000000000001,i,23.078588526934425
S251023dx,10.200000000000001,r,24.61755498631682
S251023dx,10.200000000000001,u,30.083889448698248
S251023dx,10.200000000000001,y,21.693278726841886
S251023dx,10.200000000000001,z,22.194764627134887
S251023dx,10.3,g,27.11561625570763
S251023dx,10.3,i,23.118715088037636
S251023dx,10.3,r,24.67268819557221
S251023dx,10.3,u,30.1375745824808
S251023dx,10.3,y,21.72274095691598
S251023dx,10.3,z,22.22813918329226
S251023dx,10.4,g,27.18353324686087
S251023dx,10.4,i,23.159189547107
S251023dx,10.4,r,24.728838723869913
S251023dx,10.4,u,30.189973923305423
S251023dx,10.4,y,21.752108671729403
S251023dx,10.4,z,22.261573626899125
S251023dx,10.5,g,27.252333695325976
S251023dx,10.5,i,23.200142704647135
S251023dx,10.5,r,24.786144483425225
S251023dx,10.5,u,30.24145491729292
S251023dx,10.5,y,21.781514387093264
S251023dx,10.5,z,22.29519757393019
S251023dx,10.600000000000001,g,27.322128467131492
S251023dx,10.600000000000001,i,23.241647749718428
S251023dx,10.600000000000001,r,24.844650736764777
S251023dx,10.600000000000001,u,30.292279906963234
S251023dx,10.600000000000001,y,21.81105112800236
S251023dx,10.600000000000001,z,22.32909513022626
S251023dx,10.700000000000001,g,27.392895470771336
S251023dx,10.700000000000001,i,23.283713512289914
S251023dx,10.700000000000001,r,24.904304026709262
S251023dx,10.700000000000001,u,30.34259489217635
S251023dx,10.700000000000001,y,21.840760657416173
S251023dx,10.700000000000001,z,22.363295199194727
S251023dx,10.8,g,27.464483738384622
S251023dx,10.8,i,23.326289094402647
S251023dx,10.8,r,24.96495726158257
S251023dx,10.8,u,30.392429857395776
S251023dx,10.8,y,21.870640137991582
S251023dx,10.8,z,22.397776787032512
S251023dx,10.9,g,27.536632836695006
S251023dx,10.9,i,23.36927233697519
S251023dx,10.9,r,25.026385937479926
S251023dx,10.9,u,30.44172241592215
S251023dx,10.9,y,21.900645427977242
S251023dx,10.9,z,22.432477136096168
S251023dx,11.0,g,27.608993102012953
S251023dx,11.0,i,23.412518771370646
S251023dx,11.0,r,25.088299770259933
S251023dx,11.0,u,30.490327097952484
S251023dx,11.0,y,21.930702720418317
S251023dx,11.0,z,22.467295433219867
S251023dx,11.100000000000001,g,27.681157649020555
S251023dx,11.100000000000001,i,23.455856713330835
S251023dx,11.100000000000001,r,25.1503715313275
S251023dx,11.100000000000001,u,30.538039615810554
S251023dx,11.100000000000001,y,21.96071342567127
S251023dx,11.100000000000001,z,22.502108549557352
S251023dx,11.200000000000001,g,27.752694988115763
S251023dx,11.200000000000001,i,23.499102290616957
S251023dx,11.200000000000001,r,25.212257862130283
S251023dx,11.200000000000001,u,30.584626370262068
S251023dx,11.200000000000001,y,21.990569946739033
S251023dx,11.200000000000001,z,22.536783477043286
S251023dx,11.3,g,27.82318085249692
S251023dx,11.3,i,23.542076321385128
S251023dx,11.3,r,25.27362417435958
S251023dx,11.3,u,30.629848336788296
S251023dx,11.3,y,22.02016430119179
S251023dx,11.3,z,22.571187628515617
S251023dx,11.4,g,27.892223260227148
S251023dx,11.4,i,23.584612343642245
S251023dx,11.4,r,25.33416535941158
S251023dx,11.4,u,30.6734802557811
S251023dx,11.4,y,22.049395989359724
S251023dx,11.4,z,22.605197999507283
S251023dx,11.5,g,27.95948755656404
S251023dx,11.5,i,23.626570844242323
S251023dx,11.5,r,25.39362209158059
S251023dx,11.5,u,30.715331021384795
S251023dx,11.5,y,22.078183485249617
S251023dx,11.5,z,22.638712966751346
S251023dx,11.600000000000001,g,28.024713171624498
S251023dx,11.600000000000001,i,23.667846977464645
S251023dx,11.600000000000001,r,25.451792666504105
S251023dx,11.600000000000001,u,30.755255359154777
S251023dx,11.600000000000001,y,22.106466868271184
S251023dx,11.600000000000001,z,22.671658613517053
S251023dx,11.700000000000001,g,28.087713365502502
S251023dx,11.700000000000001,i,23.70836909127574
S251023dx,11.700000000000001,r,25.508537324075586
S251023dx,11.700000000000001,u,30.793157029451088
S251023dx,11.700000000000001,y,22.134210205751153
S251023dx,11.700000000000001,z,22.70398750768427
S251023dx,11.8,g,28.148384416332476
S251023dx,11.8,i,23.748103440901033
S251023dx,11.8,r,25.56377794700434
S251023dx,11.8,u,30.82899254433538
S251023dx,11.8,y,22.1614030170645
S251023dx,11.8,z,22.735680515104583
S251023dx,11.9,g,28.206691155290482
S251023dx,11.9,i,23.787048337217065
S251023dx,11.9,r,25.617489795809103
S251023dx,11.9,u,30.862768231111236
S251023dx,11.9,y,22.188056637197207
S251023dx,11.9,z,22.766746390338003
S251023dx,12.0,g,28.26266357367798
S251023dx,12.0,i,23.82523217238309
S251023dx,12.0,r,25.669700600516762
S251023dx,12.0,u,30.89453411874604
S251023dx,12.0,y,22.214203281345732
S251023dx,12.0,z,22.79721603425575
S251023dx,12.100000000000001,g,28.316385896141497
S251023dx,12.100000000000001,i,23.862707981320483
S251023dx,12.100000000000001,r,25.720478927541457
S251023dx,12.100000000000001,u,30.924374960776525
S251023dx,12.100000000000001,y,22.23989300778875
S251023dx,12.100000000000001,z,22.8271407952337
S251023dx,12.200000000000001,g,28.367979086837614
S251023dx,12.200000000000001,i,23.89954525811462
S251023dx,12.200000000000001,r,25.76992124486797
S251023dx,12.200000000000001,u,30.952402149778514
S251023dx,12.200000000000001,y,22.265186118189078
S251023dx,12.200000000000001,z,22.85658500453883
S251023dx,12.3,g,28.417596309165162
S251023dx,12.3,i,23.935828777269673
S251023dx,12.3,r,25.818150017411167
S251023dx,12.3,u,30.97874772236477
S251023dx,12.3,y,22.290153454781127
S251023dx,12.3,z,22.885623918071815
S251023dx,12.4,g,28.46540571519511
S251023dx,12.4,i,23.971649734626197
S251023dx,12.4,r,25.865299450446532
S251023dx,12.4,u,31.003553698082094
S251023dx,12.4,y,22.31487054957612
S251023dx,12.4,z,22.91434009302247
S251023dx,12.5,g,28.511586246463125
S251023dx,12.5,i,24.007102880536557
S251023dx,12.5,r,25.9115092888566
S251023dx,12.5,u,31.02696828576951
S251023dx,12.5,y,22.339414936282655
S251023dx,12.5,z,22.942816673953928
S251023dx,12.600000000000001,g,28.556317536654632
S251023dx,12.600000000000001,i,24.042283875551504
S251023dx,12.600000000000001,r,25.956922626393638
S251023dx,12.600000000000001,u,31.04914122076826
S251023dx,12.600000000000001,y,22.36386502002243
S251023dx,12.600000000000001,z,22.971137413941367
S251023dx,12.700000000000001,g,28.599773149082573
S251023dx,12.700000000000001,i,24.077284609008807
S251023dx,12.700000000000001,r,26.00167731877579
S251023dx,12.700000000000001,u,31.07021764387082
S251023dx,12.700000000000001,y,22.38829463950041
S251023dx,12.700000000000001,z,22.999383708451138
S251023dx,12.8,g,28.642125062411573
S251023dx,12.8,i,24.112194694578292
S251023dx,12.8,r,26.045906870949377
S251023dx,12.8,u,31.090336475106916
S251023dx,12.8,y,22.41277696749637
S251023dx,12.8,z,23.02763388978272
S251023dx,12.9,g,28.683527841810395
S251023dx,12.9,i,24.147095584637256
S251023dx,12.9,r,26.089734080140193
S251023dx,12.9,u,31.10962979613594
S251023dx,12.9,y,22.437379269723117
S251023dx,12.9,z,23.05595944151613
S251023dx,13.0,g,28.72412393520961
S251023dx,13.0,i,24.182061965417716
S251023dx,13.0,r,26.13327125494065
S251023dx,13.0,u,31.12821993857009
S251023dx,13.0,y,22.46216183230711
S251023dx,13.0,z,23.08442571616626
S251023dx,13.100000000000001,g,28.764045327562417
S251023dx,13.100000000000001,i,24.217161183307695
S251023dx,13.100000000000001,r,26.176620338301188
S251023dx,13.100000000000001,u,31.14621729042179
S251023dx,13.100000000000001,y,22.48718039578128
S251023dx,13.100000000000001,z,23.11309187955392
S251023dx,13.200000000000001,g,28.803407374523825
S251023dx,13.200000000000001,i,24.252451799560216
S251023dx,13.200000000000001,r,26.21987093683049
S251023dx,13.200000000000001,u,31.163724021438775
S251023dx,13.200000000000001,y,22.51248466141806
S251023dx,13.200000000000001,z,23.142009866043132
S251023dx,13.3,g,28.842315045013784
S251023dx,13.3,i,24.287985743920025
S251023dx,13.3,r,26.263101745457796
S251023dx,13.3,u,31.18083298765121
S251023dx,13.3,y,22.538117458839267
S251023dx,13.3,z,23.171225418384797
S251023dx,13.4,g,28.88085322970816
S251023dx,13.4,i,24.32380475335277
S251023dx,13.4,r,26.306377069715417
S251023dx,13.4,u,31.197625693397065
S251023dx,13.4,y,22.56411395828757
S251023dx,13.4,z,23.200775491807555
S251023dx,13.5,g,28.9190980248367
S251023dx,13.5,i,24.35994241002321
S251023dx,13.5,r,26.349752480071814
S251023dx,13.5,u,31.2141729753571
S251023dx,13.5,y,22.590504647847844
S251023dx,13.5,z,23.230690600974594
S251023dx,13.600000000000001,g,28.957113908328797
S251023dx,13.600000000000001,i,24.396423101372072
S251023dx,13.600000000000001,r,26.393269904228394
S251023dx,13.600000000000001,u,31.230539778667175
S251023dx,13.600000000000001,y,22.617311464406725
S251023dx,13.600000000000001,z,23.26099208011275
S251023dx,13.700000000000001,g,28.994950623224472
S251023dx,13.700000000000001,i,24.433265305099976
S251023dx,13.700000000000001,r,26.436961914982465
S251023dx,13.700000000000001,u,31.24678179990824
S251023dx,13.700000000000001,y,22.644550941553263
S251023dx,13.700000000000001,z,23.29169606432473
S251023dx,13.8,g,29.032649456272264
S251023dx,13.8,i,24.470477471822072
S251023dx,13.8,r,26.480851128101243
S251023dx,13.8,u,31.262944841820524
S251023dx,13.8,y,22.672233247881913
S251023dx,13.8,z,23.322812448313183
S251023dx,13.9,g,29.07023994161932
S251023dx,13.9,i,24.508060813029402
S251023dx,13.9,r,26.524948739644966
S251023dx,13.9,u,31.27907080605209
S251023dx,13.9,y,22.700361618043804
S251023dx,13.9,z,23.354342304026602
S251023dx,14.0,g,29.107743291466413
S251023dx,14.0,i,24.546007905799833
S251023dx,14.0,r,26.56925511514897
S251023dx,14.0,u,31.295190513939414
S251023dx,14.0,y,22.72893196013923
S251023dx,14.0,z,23.38627955926283
S251023dx,14.100000000000001,g,29.14517201971977
S251023dx,14.100000000000001,i,24.58430576765889
S251023dx,14.100000000000001,r,26.61376652292092
S251023dx,14.100000000000001,u,31.31133025923066
S251023dx,14.100000000000001,y,22.75793677170114
S251023dx,14.100000000000001,z,23.418613873609022
S251023dx,14.200000000000001,g,29.182530276570052
S251023dx,14.200000000000001,i,24.622931512819477
S251023dx,14.200000000000001,r,26.658464828840017
S251023dx,14.200000000000001,u,31.327512713467524
S251023dx,14.200000000000001,y,22.787359653036326
S251023dx,14.200000000000001,z,23.45132557552208
S251023dx,14.3,g,29.21981563021356
S251023dx,14.3,i,24.66185708830953
S251023dx,14.3,r,26.70332755335721
S251023dx,14.3,u,31.343750814104933
S251023dx,14.3,y,22.817181559627947
S251023dx,14.3,z,23.484390839981607
S251023dx,14.4,g,29.257015774125506
S251023dx,14.4,i,24.701048393285593
S251023dx,14.4,r,26.74832388260525
S251023dx,14.4,u,31.360056332616285
S251023dx,14.4,y,22.84737460241054
S251023dx,14.4,z,23.517781668725327
S251023dx,14.5,g,29.29411919760994
S251023dx,14.5,i,24.740465136321816
S251023dx,14.5,r,26.793416656794292
S251023dx,14.5,u,31.376433146560405
S251023dx,14.5,y,22.8779087170755
S251023dx,14.5,z,23.55146163187246
S251023dx,14.600000000000001,g,29.331105022086028
S251023dx,14.600000000000001,i,24.78006189530487
S251023dx,14.600000000000001,r,26.83856273790282
S251023dx,14.600000000000001,u,31.392885488901076
S251023dx,14.600000000000001,y,22.908748744634302
S251023dx,14.600000000000001,z,23.585392298371342
S251023dx,14.700000000000001,g,29.367949777227686
S251023dx,14.700000000000001,i,24.81978905888212
S251023dx,14.700000000000001,r,26.883714288504024
S251023dx,14.700000000000001,u,31.409408893509845
S251023dx,14.700000000000001,y,22.93985542670069
S251023dx,14.700000000000001,z,23.619530042522182
S251023dx,14.8,g,29.404625521585924
S251023dx,14.8,i,24.859592889468733
S251023dx,14.8,r,26.928819470811906
S251023dx,14.8,u,31.42599956789866
S251023dx,14.8,y,22.971184830633153
S251023dx,14.8,z,23.65382741815416
S251023dx,14.9,g,29.4411027348271
S251023dx,14.9,i,24.899416578868113
S251023dx,14.9,r,26.973821587626233
S251023dx,14.9,u,31.44265027873919
S251023dx,14.9,y,23.00269268265557
S251023dx,14.9,z,23.68823690278848
S251023dx,15.0,g,29.477350797686345
S251023dx,15.0,i,24.939201812440714
S251023dx,15.0,r,27.0186658557296
S251023dx,15.0,u,31.459353737277297
S251023dx,15.0,y,23.034331499940986
S251023dx,15.0,z,23.722705685561095
S251023dx,15.100000000000001,g,29.513337958936013
S251023dx,15.100000000000001,i,24.97888928865987
S251023dx,15.100000000000001,r,27.063292952406783
S251023dx,15.100000000000001,u,31.476097476907256
S251023dx,15.100000000000001,y,23.06605106915688
S251023dx,15.100000000000001,z,23.757181221307555
S251023dx,15.200000000000001,g,29.549030090039548
S251023dx,15.200000000000001,i,25.018419362307544
S251023dx,15.200000000000001,r,27.10764169185307
S251023dx,15.200000000000001,u,31.49286993763947
S251023dx,15.200000000000001,y,23.097802756172015
S251023dx,15.200000000000001,z,23.791610675909894
S251023dx,15.3,g,29.584397366672846
S251023dx,15.3,i,25.057731809224126
S251023dx,15.3,r,27.151656620804193
S251023dx,15.3,u,31.509661172111656
S251023dx,15.3,y,23.129535480852326
S251023dx,15.3,z,23.82593972097952
S251023dx,15.4,g,29.61940771047976
S251023dx,15.4,i,25.096769843204633
S251023dx,15.4,r,27.19527958387949
S251023dx,15.4,u,31.526458749433928
S251023dx,15.4,y,23.161200063405087
S251023dx,15.4,z,23.860118993039016
S251023dx,15.5,g,29.654033014032464
S251023dx,15.5,i,25.13547654430841
S251023dx,15.5,r,27.23845639879553
S251023dx,15.5,u,31.54325217771032
S251023dx,15.5,y,23.1927484512794
S251023dx,15.5,z,23.894095811388354
S251023dx,15.600000000000001,g,29.688246443475876
S251023dx,15.600000000000001,i,25.173800797569722
S251023dx,15.600000000000001,r,27.281136828842925
S251023dx,15.600000000000001,u,31.560032530182227
S251023dx,15.600000000000001,y,23.22413590794391
S251023dx,15.600000000000001,z,23.927823175053476
S251023dx,15.700000000000001,g,29.722025042539645
S251023dx,15.700000000000001,i,25.211693141841593
S251023dx,15.700000000000001,r,27.323272698019917
S251023dx,15.700000000000001,u,31.576790437032226
S251023dx,15.700000000000001,y,23.255318245865517
S251023dx,15.700000000000001,z,23.961257828218677
S251023dx,15.8,g,29.75534712109427
S251023dx,15.8,i,25.24910877324161
S251023dx,15.8,r,27.364819926416843
S251023dx,15.8,u,31.59351790984293
S251023dx,15.8,y,23.28625380582167
S251023dx,15.8,z,23.99435545761016
S251023dx,15.9,g,29.78819591394692
S251023dx,15.9,i,25.28600753333579
S251023dx,15.9,r,27.405742356217996
S251023dx,15.9,u,31.61021070565814
S251023dx,15.9,y,23.316905915555182
S251023dx,15.9,z,24.02707989488377
S251023dx,16.0,g,29.820558218421557
S251023dx,16.0,i,25.322353285679434
S251023dx,16.0,r,27.446004977800236
S251023dx,16.0,u,31.626866415589767
S251023dx,16.0,y,23.34723959700635
S251023dx,16.0,z,24.05939561553445
S251023dx,16.1,g,29.852421815216452
S251023dx,16.1,i,25.358116849703244
S251023dx,16.1,r,27.48558028440828
S251023dx,16.1,u,31.64348220632864
S251023dx,16.1,y,23.377226464144492
S251023dx,16.1,z,24.091275886998393
S251023dx,16.2,g,29.88378376038574
S251023dx,16.2,i,25.393271387778242
S251023dx,16.2,r,27.524444948650753
S251023dx,16.2,u,31.660058934886862
S251023dx,16.2,y,23.40683743298087
S251023dx,16.2,z,24.12269216618999
S251023dx,16.3,g,29.914642724560125
S251023dx,16.3,i,25.42780079425867
S251023dx,16.3,r,27.562584622103905
S251023dx,16.3,u,31.676601635527355
S251023dx,16.3,y,23.43605341230875
S251023dx,16.3,z,24.15362665991172
S251023dx,16.400000000000002,g,29.9449971849387
S251023dx,16.400000000000002,i,25.461691155037556
S251023dx,16.400000000000002,r,27.59998737569081
S251023dx,16.400000000000002,u,31.693114070089973
S251023dx,16.400000000000002,y,23.46485794935807
S251023dx,16.400000000000002,z,24.1840649448314
S251023dx,16.5,g,29.974853618853075
S251023dx,16.5,i,25.494933127514983
S251023dx,16.5,r,27.636646409163134
S251023dx,16.5,u,31.709603292818148
S251023dx,16.5,y,23.493236317065794
S251023dx,16.5,z,24.213995366910087
S251023dx,16.6,g,30.004222717465098
S251023dx,16.6,i,25.527526281057202
S251023dx,16.6,r,27.67256184749855
S251023dx,16.6,u,31.726079357938424
S251023dx,16.6,y,23.52117992191715
S251023dx,16.6,z,24.24341224124162
S251023dx,16.7,g,30.033117174171355
S251023dx,16.7,i,25.5594738596156
S251023dx,16.7,r,27.707743229015588
S251023dx,16.7,u,31.742552892010902
S251023dx,16.7,y,23.548688144948247
S251023dx,16.7,z,24.272318552811328
S251023dx,16.8,g,30.061553260839602
S251023dx,16.8,i,25.5907881213938
S251023dx,16.8,r,27.742200900717595
S251023dx,16.8,u,31.75903818549894
S251023dx,16.8,y,23.575760490109282
S251023dx,16.8,z,24.300717196638075
S251023dx,16.900000000000002,g,30.089552534643698
S251023dx,16.900000000000002,i,25.62148447636609
S251023dx,16.900000000000002,r,27.775953675286893
S251023dx,16.900000000000002,u,31.775551733893984
S251023dx,16.900000000000002,y,23.60240402940187
S251023dx,16.900000000000002,z,24.328621371870867
S251023dx,17.0,g,30.117140921354228
S251023dx,17.0,i,25.65159007039589
S251023dx,17.0,r,27.809027132502347
S251023dx,17.0,u,31.792109918530592
S251023dx,17.0,y,23.628633067777905
S251023dx,17.0,z,24.356050386137635
S251023dx,17.1,g,30.14434743739661
S251023dx,17.1,i,25.681133647173358
S251023dx,17.1,r,27.841450961811397
S251023dx,17.1,u,31.808736197822306
S251023dx,17.1,y,23.654462221362653
S251023dx,17.1,z,24.38302574843266
S251023dx,17.2,g,30.17120669916093
S251023dx,17.2,i,25.710159109539084
S251023dx,17.2,r,27.87326978226597
S251023dx,17.2,u,31.82545238872082
S251023dx,17.2,y,23.679919919902982
S251023dx,17.2,z,24.40958474118492
S251023dx,17.3,g,30.197760208523587
S251023dx,17.3,i,25.738717518034964
S251023dx,17.3,r,27.904529647261363
S251023dx,17.3,u,31.842283916053987
S251023dx,17.3,y,23.705036966614696
S251023dx,17.3,z,24.435766163892637
S251023dx,17.400000000000002,g,30.224052733839
S251023dx,17.400000000000002,i,25.766871957654164
S251023dx,17.400000000000002,r,27.935291882001092
S251023dx,17.400000000000002,u,31.859264032567005
S251023dx,17.400000000000002,y,23.729855459450604
S251023dx,17.400000000000002,z,24.461626812684727
S251023dx,17.5,g,30.25014645394758
S251023dx,17.5,i,25.794706759355186
S251023dx,17.5,r,27.96563393605599
S251023dx,17.5,u,31.876429015507718
S251023dx,17.5,y,23.754430361308057
S251023dx,17.5,z,24.487234461117005
S251023dx,17.6,g,30.276102893297594
S251023dx,17.6,i,25.822317917764828
S251023dx,17.6,r,27.995642638543032
S251023dx,17.6,u,31.893819723611973
S251023dx,17.6,y,23.778825645741406
S251023dx,17.6,z,24.512671734718733
S251023dx,17.7,g,30.302002290410954
S251023dx,17.7,i,25.84982786598406
S251023dx,17.7,r,28.025430344644832
S251023dx,17.7,u,31.911486452418035
S251023dx,17.7,y,23.803122979699918
S251023dx,17.7,z,24.538044714624977
S251023dx,17.8,g,30.327943796150905
S251023dx,17.8,i,25.877389652856287
S251023dx,17.8,r,28.05513177821014
S251023dx,17.8,u,31.92948841504117
S251023dx,17.8,y,23.82742599485435
S251023dx,17.8,z,24.563483688931296
S251023dx,17.900000000000002,g,30.35403967309328
S251023dx,17.900000000000002,i,25.905187359676685
S251023dx,17.900000000000002,r,28.084910633030002
S251023dx,17.900000000000002,u,31.947899435605454
S251023dx,17.900000000000002,y,23.851857518211194
S251023dx,17.900000000000002,z,24.58914867920223
S251023dx,18.0,g,30.38043005173716
S251023dx,18.0,i,25.9334511380902
S251023dx,18.0,r,28.114971156037267
S251023dx,18.0,u,31.966807923881678
S251023dx,18.0,y,23.87657312067101
S251023dx,18.0,z,24.615238667450534
S251023dx,18.1,g,30.407281758985203
S251023dx,18.1,i,25.962455372342173
S251023dx,18.1,r,28.145552607593768
S251023dx,18.1,u,31.986313586601945
S251023dx,18.1,y,23.90175864787833
S251023dx,18.1,z,24.64199389715164
S251023dx,18.2,g,30.434792952327612
S251023dx,18.2,i,25.992536237592102
S251023dx,18.2,r,28.176949090468753
S251023dx,18.2,u,32.006544114661054
S251023dx,18.2,y,23.92763750156117
S251023dx,18.2,z,24.669704036478937
S251023dx,18.3,g,30.463194104313867
S251023dx,18.3,i,26.02408404195563
S251023dx,18.3,r,28.209499186098014
S251023dx,18.3,u,32.02764330996576
S251023dx,18.3,y,23.954472935527498
S251023dx,18.3,z,24.698708917900625
S251023dx,18.400000000000002,g,30.49274964337762
S251023dx,18.400000000000002,i,26.057547079562745
S251023dx,18.400000000000002,r,28.24359282683471
S251023dx,18.400000000000002,u,32.04977664802349
S251023dx,18.400000000000002,y,23.98256592943373
S251023dx,18.400000000000002,z,24.729400731115252
S251023dx,18.5,g,30.52374752398858
S251023dx,18.5,i,26.09341993237478
S251023dx,18.5,r,28.279659600626452
S251023dx,18.5,u,32.073123532670884
S251023dx,18.5,y,24.012247199916786
S251023dx,18.5,z,24.762208784656046
S251023dx,18.6,g,30.55648688584497
S251023dx,18.6,i,26.13221858185179
S251023dx,18.6,r,28.318142798362867
S251023dx,18.6,u,32.0978726031183
S251023dx,18.6,y,24.04386228693533
S251023dx,18.6,z,24.797582857877153
S251023dx,18.7,g,30.591250560432087
S251023dx,18.7,i,26.174434523081956
S251023dx,18.7,r,28.359468120875597
S251023dx,18.7,u,32.12420127422899
S251023dx,18.7,y,24.077740321570044
S251023dx,18.7,z,24.835950085335977
S251023dx,18.8,g,30.628268095606472
S251023dx,18.8,i,26.22046760597897
S251023dx,18.8,r,28.403981121363408
S251023dx,18.8,u,32.15224823993501
S251023dx,18.8,y,24.11414780970894
S251023dx,18.8,z,24.877658251895486
S251023dx,18.900000000000002,g,30.66766650252198
S251023dx,18.900000000000002,i,26.27054451358586
S251023dx,18.900000000000002,r,28.45187741467274
S251023dx,18.900000000000002,u,32.18208639912972
S251023dx,18.900000000000002,y,24.153235833880892
S251023dx,18.900000000000002,z,24.922904992513054
S251023dx,19.0,g,30.709413866698014
S251023dx,19.0,i,26.32462507630268
S251023dx,19.0,r,28.503120678605004
S251023dx,19.0,u,32.21368629685961
S251023dx,19.0,y,24.19497581543859
S251023dx,19.0,z,24.971651934616837
S251023dx,19.1,g,30.753275957188784
S251023dx,19.1,i,26.38232192653444
S251023dx,19.1,r,28.55737680166856
S251023dx,19.1,u,32.24688074668967
S251023dx,19.1,y,24.239107191506214
S251023dx,19.1,z,25.02356023765195
S251023dx,19.200000000000003,g,30.7987998198923
S251023dx,19.200000000000003,i,26.442869353406174
S251023dx,19.200000000000003,r,28.61399020427466
S251023dx,19.200000000000003,u,32.28136156989047
S251023dx,19.200000000000003,y,24.285118230628978
S251023dx,19.200000000000003,z,25.07795891630565
S251023dx,19.3,g,30.84532777306491
S251023dx,19.3,i,26.50515045089947
S251023dx,19.3,r,28.671999617694897
S251023dx,19.3,u,32.31668352805037
S251023dx,19.3,y,24.33225927199732
S251023dx,19.3,z,25.13387306890721
S251023dx,19.400000000000002,g,30.892066265440906
S251023dx,19.400000000000002,i,26.567811512537528
S251023dx,19.400000000000002,r,28.7302438700602
S251023dx,19.400000000000002,u,32.352312995782036
S251023dx,19.400000000000002,y,24.379625854583935
S251023dx,19.400000000000002,z,25.190120034702627
S251023dx,19.5,g,30.93817787656984
S251023dx,19.5,i,26.629424391231908
S251023dx,19.5,r,28.787498500890006
S251023dx,19.5,u,32.38768379757151
S251023dx,19.5,y,24.42626313876385
S251023dx,19.5,z,25.24545339328171
S251023dx,19.6,g,30.98289587481065
S251023dx,19.6,i,26.68867578177753
S251023dx,19.6,r,28.842640367898635
S251023dx,19.6,u,32.42227374717747
S251023dx,19.6,y,24.47129213633477
S251023dx,19.6,z,25.29872644129035
S251023dx,19.700000000000003,g,31.025604696991117
S251023dx,19.700000000000003,i,26.74451614014608
S251023dx,19.700000000000003,r,28.894771475022807
S251023dx,19.700000000000003,u,32.45565953612314
S251023dx,19.700000000000003,y,24.514010901717732
S251023dx,19.700000000000003,z,25.349024112437885
S251023dx,19.8,g,31.065894300509648
S251023dx,19.8,i,26.796246092129188
S251023dx,19.8,r,28.94329555003493
S251023dx,19.8,u,32.48755216435751
S251023dx,19.8,y,24.553951279236376
S251023dx,19.8,z,25.395736472039687
S251023dx,19.900000000000002,g,31.103566202652647
S251023dx,19.900000000000002,i,26.843532876573356
S251023dx,19.900000000000002,r,28.987930604865547
S251023dx,19.900000000000002,u,32.51779877089229
S251023dx,19.900000000000002,y,24.590887959261973
S251023dx,19.900000000000002,z,25.43857317014654
S251023dx,20.0,g,31.13859898514431
S251023dx,20.0,i,26.886355526859163
S251023dx,20.0,r,29.028658210612303
S251023dx,20.0,u,32.546365216117394
S251023dx,20.0,y,24.62480568072005
S251023dx,20.0,z,25.47751647025227
